PartyKey,PartyID,PartyName,PartyRoleType,PartyType,CustomerSegment,KYCStatus,RiskRating,AMLRiskCategory,SanctionsScreeningStatus,PEPFlag,IndustrySector,TaxIDType,CountryCode,StateProvinceCode,City,PostalCode,PreferredChannel,FraudMonitoringSegment,CustomerStatus,OnboardingDate,RelationshipStartDate,SourceSystem,SourceNaturalKey,CreatedDate,UpdatedDate
1,PTY7409806428,AT&T,Payor|Payee,Individual,Retail,Pending Review,Elevated,Medium,Clear,N,Consumer,SSN,US,WA,Seattle,17315,Treasury Portal,Enhanced Monitoring,Active,2020-12-07,2021-06-05,Payments Seed,AT&T,2026-03-16,2026-03-16
2,PTY3800715745,Alphabet Inc.,Payor|Payee,Business,SMB,Complete,Medium,Low,Clear,N,Professional Services,EIN,US,NY,San Francisco,53553,Mobile,High Value Monitoring,Dormant,2020-02-08,2020-08-04,Payments Seed,Alphabet Inc.,2026-03-16,2026-03-16
3,PTY2779315664,"Amazon.com, Inc.",Payor|Payee,Individual,SMB,Enhanced Due Diligence,High,Low,Clear,N,Consumer,SSN,US,NJ,New York,87478,Online Banking,High Value Monitoring,Restricted,2022-09-12,2020-11-15,Payments Seed,"Amazon.com, Inc.",2026-03-16,2026-03-16
4,PTY7127548754,American Tower Corp.,Payor|Payee,Business,Institutional,Pending Review,Low,Low,Clear,N,Nonprofit,EIN,US,MA,Dallas,52116,Online Banking,Standard Monitoring,Active,2018-10-24,2020-05-18,Payments Seed,American Tower Corp.,2026-03-16,2026-03-16
5,PTY6368312283,AmerisourceBergen,Payor|Payee,Business,Wealth,Complete,Moderate,Low,Clear,Y,Nonprofit,EIN,US,FL,Atlanta,32315,API,High Value Monitoring,Restricted,2020-04-10,2018-09-02,Payments Seed,AmerisourceBergen,2026-03-16,2026-03-16
6,PTY8195116288,Apple Inc.,Payor|Payee,Individual,Wealth,Pending Review,High,Medium,Review Required,Y,Consumer,SSN,US,WA,Miami,16068,Mobile,Standard Monitoring,Active,2018-10-21,2022-06-21,Payments Seed,Apple Inc.,2026-03-16,2026-03-16
7,PTY4316007792,Boeing,Payor|Payee,Individual,Commercial,Pending Review,Medium,Low,Clear,N,Consumer,SSN,US,FL,Newark,31575,Mobile,Standard Monitoring,Restricted,2023-11-28,2023-01-13,Payments Seed,Boeing,2026-03-16,2026-03-16
8,PTY1282810700,CVS Health,Payor|Payee,Individual,Wealth,Pending Review,Elevated,High,Clear,Y,Consumer,SSN,US,FL,San Francisco,27733,Online Banking,Enhanced Monitoring,Active,2021-02-17,2019-08-17,Payments Seed,CVS Health,2026-03-16,2026-03-16
9,PTY0732888932,Cardinal Health,Payor|Payee,Individual,Institutional,Enhanced Due Diligence,High,Low,Clear,Y,Consumer,SSN,US,IL,Seattle,10359,Branch,High Value Monitoring,Restricted,2024-04-13,2022-10-19,Payments Seed,Cardinal Health,2026-03-16,2026-03-16
10,PTY3748933244,Chevron,Payor|Payee,Individual,SMB,Pending Review,Medium,Low,Clear,N,Consumer,SSN,US,IL,New York,30120,Mobile,Enhanced Monitoring,Dormant,2023-02-24,2024-06-29,Payments Seed,Chevron,2026-03-16,2026-03-16
11,PTY7660810586,Cisco Systems,Payor|Payee,Business,Retail,Complete,Moderate,Medium,Clear,N,Education,EIN,US,IL,San Francisco,11971,Treasury Portal,Standard Monitoring,Active,2023-05-13,2020-12-17,Payments Seed,Cisco Systems,2026-03-16,2026-03-16
12,PTY9054121056,Costco Wholesale,Payor|Payee,Individual,Commercial,Complete,Moderate,Low,Clear,Y,Consumer,SSN,US,TX,Atlanta,85030,Branch,High Value Monitoring,Restricted,2022-09-06,2023-06-13,Payments Seed,Costco Wholesale,2026-03-16,2026-03-16
13,PTY0828869254,Creative Marketing Group,Payor|Payee,Business,SMB,Pending Review,Low,High,Clear,N,Education,EIN,US,IL,Newark,86811,Branch,Standard Monitoring,Active,2021-04-25,2018-07-19,Payments Seed,Creative Marketing Group,2026-03-16,2026-03-16
14,PTY6986278352,Delta Air Lines,Payor|Payee,Individual,Institutional,Pending Review,High,High,Clear,N,Consumer,SSN,US,PA,Newark,33649,Mobile,High Value Monitoring,Restricted,2019-11-03,2018-12-29,Payments Seed,Delta Air Lines,2026-03-16,2026-03-16
15,PTY9286704350,Digital Realty Trust,Payor|Payee,Business,Wealth,Complete,Moderate,High,Review Required,Y,Retail,EIN,US,NJ,Jersey City,61336,Mobile,Standard Monitoring,Dormant,2020-08-29,2020-10-24,Payments Seed,Digital Realty Trust,2026-03-16,2026-03-16
16,PTY4098054023,Exxon Mobil,Payor|Payee,Business,Wealth,Pending Review,High,Low,Clear,N,Technology,EIN,US,TX,Seattle,16928,Treasury Portal,High Value Monitoring,Restricted,2022-10-31,2020-11-08,Payments Seed,Exxon Mobil,2026-03-16,2026-03-16
17,PTY7056058482,Ford Motor Company,Payor|Payee,Business,Wealth,Enhanced Due Diligence,Low,Medium,Clear,N,Professional Services,EIN,US,NJ,Atlanta,36399,Treasury Portal,High Value Monitoring,Active,2020-04-28,2018-03-11,Payments Seed,Ford Motor Company,2026-03-16,2026-03-16
18,PTY8816866210,General Motors,Payor|Payee,Business,SMB,Complete,Moderate,Low,Clear,N,Education,EIN,US,MA,Jersey City,94992,Online Banking,Standard Monitoring,Restricted,2018-11-19,2019-08-23,Payments Seed,General Motors,2026-03-16,2026-03-16
19,PTY1309692604,Global Logistics Partners,Payor|Payee,Individual,Wealth,Enhanced Due Diligence,High,Low,Clear,Y,Consumer,SSN,US,IL,San Francisco,40866,Treasury Portal,Standard Monitoring,Active,2024-03-21,2023-03-08,Payments Seed,Global Logistics Partners,2026-03-16,2026-03-16
20,PTY6164974103,Gordon Food Service,Payor|Payee,Business,Wealth,Complete,Moderate,High,Clear,Y,Nonprofit,EIN,US,NY,Newark,46925,Branch,Enhanced Monitoring,Active,2020-12-24,2023-03-22,Payments Seed,Gordon Food Service,2026-03-16,2026-03-16
21,PTY9991254081,IBM,Payor|Payee,Business,Corporate,Pending Review,Medium,High,Clear,N,Logistics,EIN,US,PA,Jersey City,52378,Mobile,Enhanced Monitoring,Active,2020-05-06,2018-12-26,Payments Seed,IBM,2026-03-16,2026-03-16
22,PTY8946337887,Innovative Tech Solutions,Payor|Payee,Business,Commercial,Enhanced Due Diligence,Low,Medium,Clear,Y,Healthcare,EIN,US,NY,Chicago,97870,API,Enhanced Monitoring,Active,2021-10-27,2019-06-16,Payments Seed,Innovative Tech Solutions,2026-03-16,2026-03-16
23,PTY1011683210,Intel Corp.,Payor|Payee,Business,Wealth,Complete,Elevated,High,Clear,N,Retail,EIN,US,MA,Jersey City,33764,Online Banking,Enhanced Monitoring,Active,2019-11-16,2019-10-12,Payments Seed,Intel Corp.,2026-03-16,2026-03-16
24,PTY0042961820,Johnson & Johnson,Payor|Payee,Individual,SMB,Enhanced Due Diligence,Low,High,Clear,N,Consumer,SSN,US,NY,Newark,71736,Branch,Standard Monitoring,Active,2024-05-03,2018-10-18,Payments Seed,Johnson & Johnson,2026-03-16,2026-03-16
25,PTY2816857400,Kroger,Payor|Payee,Individual,Commercial,Enhanced Due Diligence,High,High,Clear,N,Consumer,SSN,US,PA,Dallas,44484,API,Standard Monitoring,Active,2023-05-03,2020-11-14,Payments Seed,Kroger,2026-03-16,2026-03-16
26,PTY4103622305,Main Street Cafe Supplies,Payor|Payee,Business,SMB,Pending Review,Low,Low,Clear,N,Professional Services,EIN,US,CA,San Francisco,20853,Mobile,Enhanced Monitoring,Dormant,2018-05-25,2023-03-11,Payments Seed,Main Street Cafe Supplies,2026-03-16,2026-03-16
27,PTY1715304471,Marathon Petroleum,Payor|Payee,Business,Corporate,Enhanced Due Diligence,Low,Medium,Clear,N,Logistics,EIN,US,PA,Miami,71390,Treasury Portal,Enhanced Monitoring,Active,2022-02-21,2021-10-22,Payments Seed,Marathon Petroleum,2026-03-16,2026-03-16
28,PTY9015919892,McKesson,Payor|Payee,Individual,Institutional,Complete,Low,High,Clear,Y,Consumer,SSN,US,CA,Newark,22279,API,Enhanced Monitoring,Active,2022-08-27,2020-06-27,Payments Seed,McKesson,2026-03-16,2026-03-16
29,PTY3912292247,Microsoft Corp.,Payor|Payee,Business,Wealth,Enhanced Due Diligence,Moderate,Medium,Clear,N,Nonprofit,EIN,US,CA,Atlanta,60716,Treasury Portal,High Value Monitoring,Restricted,2018-12-21,2020-10-31,Payments Seed,Microsoft Corp.,2026-03-16,2026-03-16
30,PTY6420189976,Office Depot,Payor|Payee,Individual,Institutional,Complete,High,Low,Clear,N,Consumer,SSN,US,IL,Seattle,99637,Online Banking,Standard Monitoring,Active,2022-07-10,2022-07-28,Payments Seed,Office Depot,2026-03-16,2026-03-16
31,PTY2635862597,Oracle Corp.,Payor|Payee,Business,Corporate,Complete,Moderate,Medium,Clear,N,Healthcare,EIN,US,PA,New York,55926,API,High Value Monitoring,Active,2022-08-30,2019-06-08,Payments Seed,Oracle Corp.,2026-03-16,2026-03-16
32,PTY8831115208,PayDay Services Inc.,Payor|Payee,Individual,Commercial,Complete,Elevated,Low,Clear,N,Consumer,SSN,US,NY,Chicago,14476,Branch,High Value Monitoring,Dormant,2023-01-17,2020-08-23,Payments Seed,PayDay Services Inc.,2026-03-16,2026-03-16
33,PTY9667484413,PepsiCo,Payor|Payee,Business,Wealth,Enhanced Due Diligence,Elevated,Medium,Clear,N,Technology,EIN,US,PA,Atlanta,85497,Branch,Enhanced Monitoring,Active,2018-09-26,2022-03-21,Payments Seed,PepsiCo,2026-03-16,2026-03-16
34,PTY0015665627,Precision Manufacturing Inc.,Payor|Payee,Business,Corporate,Pending Review,High,Low,Review Required,Y,Education,EIN,US,MA,San Francisco,38765,API,Standard Monitoring,Restricted,2022-04-05,2018-04-19,Payments Seed,Precision Manufacturing Inc.,2026-03-16,2026-03-16
35,PTY9114316110,Procter & Gamble,Payor|Payee,Business,Wealth,Complete,Medium,High,Clear,N,Nonprofit,EIN,US,IL,San Francisco,81467,Treasury Portal,Standard Monitoring,Active,2022-01-22,2018-06-10,Payments Seed,Procter & Gamble,2026-03-16,2026-03-16
36,PTY4366635798,Starbucks Corp.,Payor|Payee,Business,Retail,Complete,Moderate,Low,Clear,N,Education,EIN,US,WA,Seattle,13074,Branch,High Value Monitoring,Active,2022-12-07,2021-05-20,Payments Seed,Starbucks Corp.,2026-03-16,2026-03-16
37,PTY5683558312,Sysco Corporation,Payor|Payee,Individual,Retail,Enhanced Due Diligence,Elevated,Low,Clear,Y,Consumer,SSN,US,FL,New York,13113,Branch,Standard Monitoring,Restricted,2021-05-17,2019-10-07,Payments Seed,Sysco Corporation,2026-03-16,2026-03-16
38,PTY7876339522,Target Corp.,Payor|Payee,Business,Corporate,Complete,High,Low,Clear,N,Education,EIN,US,CA,Newark,18317,Branch,High Value Monitoring,Active,2018-06-21,2019-01-26,Payments Seed,Target Corp.,2026-03-16,2026-03-16
39,PTY6142414132,The Home Depot,Payor|Payee,Individual,Corporate,Complete,Elevated,Medium,Clear,N,Consumer,SSN,US,GA,San Francisco,85843,Mobile,High Value Monitoring,Active,2021-05-17,2021-10-22,Payments Seed,The Home Depot,2026-03-16,2026-03-16
40,PTY6809545140,The Walt Disney Company,Payor|Payee,Individual,Institutional,Pending Review,Moderate,Medium,Clear,N,Consumer,SSN,US,MA,Miami,91823,Online Banking,Standard Monitoring,Dormant,2022-02-27,2019-07-10,Payments Seed,The Walt Disney Company,2026-03-16,2026-03-16
41,PTY1197137317,United Parcel Service (UPS),Payor|Payee,Business,Commercial,Pending Review,High,High,Clear,N,Logistics,EIN,US,FL,Boston,73116,Mobile,Enhanced Monitoring,Restricted,2022-11-07,2021-10-24,Payments Seed,United Parcel Service (UPS),2026-03-16,2026-03-16
42,PTY2077606336,UnitedHealth Group,Payor|Payee,Individual,SMB,Enhanced Due Diligence,Elevated,Low,Clear,N,Consumer,SSN,US,GA,Seattle,81009,API,Standard Monitoring,Active,2020-08-11,2022-12-07,Payments Seed,UnitedHealth Group,2026-03-16,2026-03-16
43,PTY7037572584,Verizon Communications,Payor|Payee,Individual,Institutional,Pending Review,Medium,Medium,Clear,N,Consumer,SSN,US,FL,Miami,31936,Mobile,High Value Monitoring,Restricted,2020-12-22,2020-01-09,Payments Seed,Verizon Communications,2026-03-16,2026-03-16
44,PTY8610634653,Walgreens Boots Alliance,Payor|Payee,Business,Corporate,Pending Review,Medium,High,Review Required,N,Education,EIN,US,TX,New York,70439,API,High Value Monitoring,Active,2022-02-24,2024-08-18,Payments Seed,Walgreens Boots Alliance,2026-03-16,2026-03-16
45,PTY6646531938,Walmart Inc.,Payor|Payee,Business,Retail,Pending Review,Elevated,High,Clear,N,Professional Services,EIN,US,CA,Boston,85563,Mobile,Standard Monitoring,Restricted,2020-01-16,2020-10-11,Payments Seed,Walmart Inc.,2026-03-16,2026-03-16
